{"cameraMode":{"drawMode":0,"name":"Shaded","section":"Shading Mode"},"sceneLighting":false,"audioPlay":false,"sceneViewState":{"showFog":true,"showMaterialUpdate":true,"showSkybox":false,"showFlares":false,"showImageEffects":true,"showParticleSystems":true},"in2DMode":false,"pivot":{"x":90.0220947265625,"y":-17.382171630859376,"z":79.67822265625},"rotation":{"x":0.04978714883327484,"y":0.008983895182609558,"z":-0.0004478242772165686,"w":0.9987223148345947},"size":590.5354614257813,"orthographic":true}