{"cameraMode":{"drawMode":0,"name":"Shaded","section":"Shading Mode"},"sceneLighting":false,"audioPlay":false,"sceneViewState":{"showFog":true,"showMaterialUpdate":true,"showSkybox":false,"showFlares":false,"showImageEffects":true,"showParticleSystems":true},"in2DMode":false,"pivot":{"x":422.4456481933594,"y":206.37039184570313,"z":-127.40025329589844},"rotation":{"x":-0.013438813388347626,"y":0.07417119294404984,"z":-0.0009994286810979248,"w":-0.9971581101417542},"size":366.6513366699219,"orthographic":false}