{"cameraMode":{"drawMode":0,"name":"Shaded","section":"Shading Mode"},"sceneLighting":true,"audioPlay":false,"sceneViewState":{"showFog":true,"showMaterialUpdate":true,"showSkybox":true,"showFlares":false,"showImageEffects":true,"showParticleSystems":true},"in2DMode":false,"pivot":{"x":15.077218055725098,"y":-22.446439743041993,"z":-26.269102096557618},"rotation":{"x":-0.08215837180614472,"y":-0.9177259206771851,"z":0.28951799869537356,"w":-0.25982069969177248},"size":65.02997589111328,"orthographic":false}