{"cameraMode":{"drawMode":0,"name":"Shaded","section":"Shading Mode"},"sceneLighting":false,"audioPlay":false,"sceneViewState":{"showFog":true,"showMaterialUpdate":true,"showSkybox":false,"showFlares":false,"showImageEffects":true,"showParticleSystems":true},"in2DMode":false,"pivot":{"x":1.0738039016723633,"y":-1.1749382019042969,"z":-0.4426107406616211},"rotation":{"x":-0.07034055888652802,"y":0.9202367067337036,"z":-0.19499659538269044,"w":-0.3319542706012726},"size":22.0,"orthographic":false}